frame,pkg,present
spin_000.png,P1,0
spin_000.png,P2,0
spin_000.png,P3,0
spin_030.png,P1,0
spin_030.png,P2,0
spin_030.png,P3,0
spin_060.png,P1,0
spin_060.png,P2,0
spin_060.png,P3,0
spin_090.png,P1,0
spin_090.png,P2,0
spin_090.png,P3,0
spin_120.png,P1,0
spin_120.png,P2,0
spin_120.png,P3,0
spin_150.png,P1,1
spin_150.png,P2,1
spin_150.png,P3,0
spin_180.png,P1,1
spin_180.png,P2,1
spin_180.png,P3,1
spin_210.png,P1,0
spin_210.png,P2,0
spin_210.png,P3,1
spin_240.png,P1,0
spin_240.png,P2,0
spin_240.png,P3,0
spin_270.png,P1,0
spin_270.png,P2,0
spin_270.png,P3,0
spin_300.png,P1,0
spin_300.png,P2,0
spin_300.png,P3,0
spin_330.png,P1,0
spin_330.png,P2,0
spin_330.png,P3,0
spin_360.png,P1,0
spin_360.png,P2,0
spin_360.png,P3,0
